--Usar la base de datos creada anteriormente con el modelo fisico
USE AconsaDB;
--Insertar la informacion a las tablas

INSERT INTO Clientes (ClienteID, NombreEmpresa, NombreContacto, CargoContacto, Dirección, Ciudad, País, Teléfono)
VALUES ('ALDSC', 'Alcaldía San Carlos', 'Roberto Santos', 'Secretario', 'Alcaldía San Carlos', 'San Carlos', 'Nicaragua', '(+505) 8741-5542'),
('ALDM', 'Alcaldía de Managua', 'Juan Pérez', 'Gerente de Proyectos', 'Parque Loma de Tiscapa', 'Managua', 'Nicaragua', '(+505) 8872-2555'),
('UNC', 'Universidad Nacional Casimiro', 'María López', 'Decana', 'Avenida Universitaria, en la capital de Nicaragua', 'Juigalpa', 'Nicaragua', '(+505) 2278-9988'),
('ALDSJ', 'Alcaldía San Juan Río Coco', 'Cristian Méndez', 'Gerente', 'Calle del Río', 'Río Coco', 'Nicaragua', '(+505) 8215-2022'),
('CF', 'Constructora Facosa', 'Diego Valenzuela', 'Gerente de Proyecto', 'Calle del Constructor', 'Managua', 'Nicaragua', '(+505) 8610-5542'),
('ALDT', 'Alcaldía Telpaneca', 'Esteban Silva', 'Director', 'Calle de Telpaneca', 'Telpaneca', 'Nicaragua', '(+505) 7877-2282'),
('UNI', 'Universidad Nacional de Ingeniería', 'Ana López', 'Coordinadora de Proyectos', 'Av. Universitaria, Reparto El Carmen', 'Managua', 'Nicaragua', '(+505) 2268-3645'),
('UNIJ', 'Universidad Nacional de Ingeniería', 'Roger Osorio', 'Coordinadora de Proyectos', ' Avenida Central, 1 cuadra al sur, Juigalpa, Departamento de Madriz', 'Juigalpa', 'Nicaragua', '(+505)2278-3135'),
('ALDAC', 'Alcaldía Telpaneca', 'Roger Proyectos', 'Coordinador de Proyectos', 'Calle de Chontales', 'Acoyapa,Chontales', 'Nicaragua', '(+505) 7848-2142');

Insert Into Proveedores (NombreEmpresa, NombreContacto, CargoContacto, Direccion, Ciudad, País, Teléfono, Correo) 
Values ('SINSA', 'Rodolfo Castillo', 'Ventas', 'Km 8 1/2, Carretera A Masaya','Managua', 'Nicaragua', '(+505)2255-8989', 'atencion.clientes@sinsa.com.ni.'),
    ('FETESA', 'Carlos Pérez', 'Gerente de Ventas', 'KM 7 Carr. a Masaya, Managua', 'Managua','Nicaragua', '(+505)2264-9191', 'fetesa@gmail.com'),
    ('Ferretería Jenny S.A.', 'Josh Mecon', 'Vendedor', 'Paso a desnivel Portezuelo, Managua','Managua','Nicaragua', '(+505)2249-4162', 'ventas@ferreteriajenny.com'),
    ('Concretera Total S.A.', 'Julio Rodriguez', 'Vendedor', 'Km 12, Carretera A Masaya','Managua', 'Nicaragua', '(+505)2279-8710', 'concreto@concreteratotal.com'),
    ('Proinco S.A.', 'Julio Rodriguez', 'Vendedor', 'Km 14 Carretera a Masaya, 8 km hacia el este, Carretera hacia Veracruz, Managua','Managua','Nicaragua', '(2)276-9410', 'proincogaf@turbonett.com.ni'),
	('Casa Pellas', 'Ana Gómez', 'Ejecutiva de Ventas', 'Carretera a Masaya, Km 4.5','Managua', 'Nicaragua', '(+505)2255-8000', 'ventas@casapellas.com.ni'),
    ('Renta Pura', 'Pedro Sánchez', 'Gerente Comercial', 'Pista Jean Paul Genie, Managua', 'Managua','Nicaragua', '(+505)2254-4000', 'info@rentapura.com'),
    ('NIMAC', 'Felipe Ruiz', 'Coordinador de Proyectos', 'Km 6 1/2 Carretera Norte, Managua','Managua', 'Nicaragua', '(+505)2249-5000', 'proyectos@nimac.com.ni');

INSERT INTO Categorias (NombreCategoria, Descripcion) 
VALUES ('Áridos', 'Arena gruesa, arena fina, arenilla, material cero, material selecto, piedrín.'),
       ('Productos de concreto', 'Bloque concreto 4, 6 pulgadas, adoquines tipo tráfico, medios adoquines, 
	   tubos de concreto, losas de concreto, cajas de concreto.'),
	   ('Metales y estructuras', 'Acero corrugado, acero liso, alambre de amarre, perlines metálicos,
	   cajas metálicas, zinc corrugado.'),
       ('Paneles y revestimientos', 'Láminas Gypsum, porcelanato'),
       ('Pinturas', 'Pintura base, latex, acite, tipo tráfico, disolvente'),
       ('Tuberías y PVC', 'Tubos PVC drenaje, tubos PVC agua potable, llaves de pase agua, codos PVC, tapones PVC.'),
       ('Eléctricos e iluminación', 'Alambres eléctricos, tubería eléctrica, toma corrientes, apagadores, luminarias.'),
       ('Adhesivos y cementos', 'Pegamentos, cementos, tinset, pega contacto.'),
	   ('Herramientas', 'Herramientas.'),
	   ('Equipos', 'Equipos.');

INSERT INTO Productos(NombreProducto, ProveedorID, CategoriaID, Descripcion, UnidadDeMedida, CantidadEnStock, PrecioUnitario)
VALUES 
    ('Arena Gruesa', 1, 1, 'Arena gruesa para construcción.', 'm³', 100, 400.00),
    ('Arena Fina', 1, 1, 'Arena fina para acabados.', 'm³', 400, 500.00),
    ('Arenilla', 1, 1, 'Arenilla para mezcla de concreto.', 'm³', 150, 450.00),
    ('Material Cero', 2, 1, 'Material cero para estabilización.', 'm³', 80, 585.99),
    ('Material Selecto', 2, 1, 'Material selecto para proyectos específicos.', 'm³', 50, 400.00),
	('Arena Natural', 2, 1, '', 'm³', 100, 270.00),
    ('Piedrín', 1, 1, 'Piedrín para mezcla y construcción.', 'm³', 120, 700.00),	
    ('Bloque de Concreto 4"', 4, 2, 'Bloque de concreto de 4 pulgadas.', 'unidad', 500, 210.50),
    ('Bloque de Concreto 6"', 4, 2, 'Bloque de concreto de 6 pulgadas.', 'unidad', 450, 240.00),
    ('Adoquín Tipo Tráfico', 2, 2, 'Adoquín para vías de tráfico pesado.', 'unidad', 300, 150.00),
    ('Medio Adoquín', 2, 2, 'Medio adoquín para acabados.', 'unidad', 400, 71.80),
    ('Tubos de Concreto', 4, 2, 'Tubos de concreto para drenaje.', 'unidad', 200, 2000.00),
    ('Losas de Concreto', 2, 2, 'Losas de concreto para techos.', 'unidad', 100, 1471.00),
    ('Cajas de Concreto', 2, 2, 'Cajas de concreto para instalaciones eléctricas.', 'unidad', 150, 700.00),
    ('Acero Corrugado 10mm', 2, 3, 'Varilla de acero corrugado de 10 mm.', 'kg', 1500, 314.80),
    ('Acero Corrugado 12mm', 2, 3, 'Varilla de acero corrugado de 12 mm.', 'kg', 1200, 421.90),
    ('Acero Liso', 3, 3, 'Acero liso para estructuras.', 'kg', 800, 400.20),
    ('Alambre de Amarre', 1, 3, 'Alambre para amarre de varillas.', 'kg', 500, 130.00),
    ('Perlines Metálicos', 4, 3, 'Perlines metálicos para techado.', 'unidad', 100, 251.00),
    ('Cajas Metálicas', 3, 3, 'Cajas metálicas para herramientas.', 'unidad', 200, 300.00),
    ('Zinc Corrugado', 1, 3, 'Zinc corrugado para techado.', 'm²', 250, 300.00),
	('Base Triturada Clase A (Graduación D)', 1, 1, 'Base triturada de clase A', 'm³', 3000, 13.00),
    ('Lámina Gypsum', 3, 4, 'Lámina de Gypsum para revestimiento.', 'm²', 200, 12.00),
    ('Porcelanato', 1, 4, 'Porcelanato para pisos.', 'm²', 300, 35.00),
	('Espejos de Andamios RTI Usados - NOSRTI - 1.48 mts', 1, 1, 'Espejos de andamios usados de 1.48 metros.', 'mts', 24, 2650.31),
    ('Crucetas RTI Usadas - NOSRTI - 2 mts', 1, 1, 'Crucetas de andamios usadas de 2 metros.', 'mts', 24, 757.02),
    ('Plataformas RTI Usadas', 1, 1, 'Plataformas de andamios usadas', 'mts', 4, 5262.14),
    ('Producto adicional', 1, 1, 'Descripción del producto adicional', 'mts', 8, 1295.00),
    ('Pintura Latex', 1, 5, 'Pintura latex para interior.', 'litro', 250, 25.00),
    ('Pintura Base', 2, 5, 'Pintura base para exterior.', 'litro', 150, 30.00),
    ('Pintura Tipo Tráfico', 1, 5, 'Pintura para señalización de tráfico.', 'litro', 100, 40.00),
    ('Pintura Aceite', 3, 5, 'Pintura de aceite para metal.', 'litro', 80, 45.00),
    ('Disolvente', 1, 5, 'Disolvente para limpieza.', 'litro', 120, 15.00),
    ('Tubo PVC Drenaje', 4, 6, 'Tubo PVC para drenaje.', 'metro', 300, 150),
    ('Tubo PVC Agua Potable', 2, 6, 'Tubo PVC para agua potable.', 'metro', 250, 200.00),
    ('Llave de Pase Agua', 3, 6, 'Llave de pase para tubería.', 'unidad', 100, 150.00),
    ('Codo PVC', 1, 6, 'Codo PVC para tuberías.', 'unidad', 150, 150.00),
    ('Tapón PVC', 2, 6, 'Tapón PVC para tuberías.', 'unidad', 200, 120.00),
    ('Alambre Eléctrico 2.5mm', 5, 7, 'Alambre eléctrico de 2.5 mm.', 'rollo', 100, 600.00),
    ('Tubería Eléctrica', 1, 7, 'Tubería para instalaciones eléctricas.', 'metro', 200, 340.50),
    ('Toma Corriente', 2, 7, 'Toma corriente estándar.', 'unidad', 150, 200.00),
    ('Apagador', 3, 7, 'Apagador de luz.', 'unidad', 100, 105.00),
    ('Cemento', 1, 8, 'Cemento Portland para mezclas.', 'saco', 1500, 350.00),
    ('Pegamento de Cerámica', 4, 8, 'Pegamento para cerámica.', 'litro', 200, 150.00),
    ('Cinta Adhesiva', 1, 8, 'Cinta adhesiva para uso general.', 'unidad', 300, 120.00),
    ('Arena para Revoque', 1, 1, 'Arena fina para revoque.', 'm³', 180, 385.23),
    ('Grava', 1, 1, 'Grava para mezclas de concreto.', 'm³', 160, 500.00),
    ('Arena de Mar', 1, 1, 'Arena de mar para construcción.', 'm³', 140, 390.00),
    ('Grava Fina', 1, 1, 'Grava fina para mezclas.', 'm³', 120, 400.00),
    ('Grava Gruesa', 1, 1, 'Grava gruesa para fundaciones.', 'm³', 100, 500.00),
    ('Malla Hexagonal 1/2 x 36 x 100" Cal 22', 3, 8, 'Malla hexagonal de 1/2" de calibre 22', 'rollo', 1, 748.42),
    ('Cable thhn caja phelps dodge:12:blanco', 1, 8, 'cable thhn color blanco para instalaciones eléctricas.', 'm', 8, 50.02),
    ('Cable thhn caja phelps dodge:12:verde', 1, 8, 'cable thhn color verde para instalaciones eléctricas.', 'm', 10, 50.02),
    ('Cable thhn caja phelps dodge:12:rojo', 1, 8, 'cable thhn color rojo para instalaciones eléctricas.', 'm', 5, 50.02),
    ('Cable thhn caja phelps dodge:12:negro', 1, 8, 'cable thhn color negro para instalaciones eléctricas.', 'm', 5, 50.02),
    ('Cable thhn caja phelps dodge:12:azul', 1, 8, 'cable thhn color azul para instalaciones eléctricas.', 'm', 5, 50.02),
    ('Conector conduit pvc 1/2" amanco', 1, 8, 'conector de pvc para tubería de 1/2".', 'unidad', 300, 0.15),
    ('Union conduit pvc 1/2" amanco', 1, 8, 'unión de pvc para tubería de 1/2".', 'unidad', 100, 0.15),
    ('Curva conduit pvc 1/2" amanco', 1, 8, 'curva de pvc para tubería de 1/2".', 'unidad', 100, 0.25),
    ('Cable protoduro tsj carrete :3x14:negro - m', 1, 8, 'cable protoduro tsj 3x14 color negro.', 'm', 200, 1.29),
    ('Tubo conduit pvc:1/2', 1, 8, 'tubo conduit de pvc de 1/2".', 'm', 120, 0.80),
    ('Tubo conduit pvc:3/4 - ea', 1, 8, 'tubo conduit de pvc de 3/4".', 'm', 50, 1.37),
    ('Conector conduit pvc 3/4" amanco', 1, 8, 'conector de pvc para tubería de 3/4".', 'unidad', 200, 0.22),
    ('Union conduit pvc 3/4" amanco', 1, 8, 'unión de pvc para tubería de 3/4".', 'unidad', 100, 0.24),
    ('Jcb3cx-15', 4, 9, 'retroexcavadora jcb con brazo extendible y aire acondicionado.', 'unidad', 1, 3285.00),
    ('Pernos de acero estructural', 3, 3, 'pernos de acero estructural de 1"', 'unidad', 90, 997.65),
    ('Tuercas 2h de 1" astm a 194', 3, 3, 'tuercas de 1" astm a 194.', 'unidad', 180, 46.25),
    ('Arandelas lisas f436 de 1', 3, 3, 'arandelas lisas de 1".', 'unidad', 90, 22.00),
    ('Arandelas de presion de 1"', 3, 3, 'arandelas de presión de 1".', 'unidad', 90, 22.00),
    ('Pernos de acero estructural', 3, 3, 'pernos de acero estructural de 1 1/4"', 'unidad', 140, 2024.60),
    ('Tuercas 2h de 1 1/4" astm a 194', 3, 3, 'tuercas de 1 1/4" astm a 194.', 'unidad', 280, 89.00),
    ('Arandelas lisas f436 de 1 1/4', 3, 3, 'arandelas lisas de 1 1/4".', 'unidad', 140, 28.00),
    ('Arandelas de presion de 1 1/4"', 3, 3, 'arandelas de presión de 1 1/4".', 'unidad', 140, 31.00),
    ('Bloque Convencinal', 4, 2, '14x19x39cm.', 'unidad', 600, 22.00),
    ('Bloque de Concreto 8"', 4, 2, 'Bloque de concreto de 8 pulgadas.', 'unidad', 400, 720.50),
    ('Bloque de Concreto 10"', 4, 2, 'Bloque de concreto de 10 pulgadas.', 'unidad', 300, 500.00),
    ('Losas para Piso', 4, 2, 'Losas de concreto para pisos.', 'unidad', 100, 400.00),
    ('Cajas de Concreto Grande', 4, 2, 'Cajas de concreto grandes.', 'unidad', 80, 800.00),
    ('Cajas de Concreto Pequeñas', 4, 2, 'Cajas de concreto pequeñas.', 'unidad', 150, 800.00),
    ('Acero Corrugado 16mm', 2, 3, 'Varilla de acero corrugado de 16 mm.', 'kg', 980, 800.00),
    ('Acero Corrugado 20mm', 2, 3, 'Varilla de acero corrugado de 20 mm.', 'kg', 700, 900.50),
    ('Perfiles Metálicos', 3, 3, 'Perfiles metálicos para estructuras.', 'unidad', 100, 400.00),
    ('Zinc Para Techado', 1, 3, 'Zinc para techado de casas.', 'm²', 200, 520.00),
    ('Placa de Acero', 3, 3, 'Placa de acero para estructuras.', 'unidad', 70, 600.00),
    ('Placas de Yeso', 3, 4, 'Placas de yeso para interiores.', 'm²', 250, 300.00),
    ('Revestimiento de Madera', 3, 4, 'Revestimiento de madera para paredes.', 'm²', 40, 1069.01),
    ('Pintura de Acabado', 1, 5, 'Pintura de acabado para exteriores.', 'litro', 78, 1420.00),
    ('Pintura Acrílica', 1, 5, 'Pintura acrílica para interiores.', 'litro', 120, 965.30),
    ('Pintura en Aerosol', 1, 5, 'Pintura en aerosol para manualidades.', 'unidad', 250, 228.00),
    ('Pintura de Protección', 1, 5, 'Pintura de protección para metal.', 'litro', 70, 1236.00),  
    ('Tubo PVC 4"', 4, 6, 'Tubo PVC de 4 pulgadas.', 'metro', 250, 150.00),
    ('Tubo PVC 6"', 4, 6, 'Tubo PVC de 6 pulgadas.', 'metro', 200, 223.50),
    ('Conexiones PVC', 4, 6, 'Conexiones para tuberías PVC.', 'unidad', 300, 120.00),
    ('Válvula de Paso', 4, 6, 'Válvula de paso para tuberías.', 'unidad', 150, 200.00),   
    ('Cable Eléctrico 1.5mm', 5, 7, 'Cable eléctrico de 1.5 mm.', 'rollo', 80, 42.00),
    ('Tomas de Corriente Dobles', 2, 7, 'Tomas de corriente dobles.', 'unidad', 100, 77.75),
    ('Luz LED de Exterior', 4, 7, 'Luz LED para exteriores.', 'unidad', 60, 130.00),
    ('Cables de Conexión', 5, 7, 'Cables de conexión para instalación eléctrica.', 'rollo', 150, 70.00),   	
	('Cemento Portland', 1, 8, 'Cemento Portland para mezclas.', 'saco', 100, 290.00),
    ('Cemento Blanco', 1, 8, 'Cemento rápido para reparaciones.', 'saco', 80, 400.00),
    ('Cemento Holcim', 1, 8, 'Cemento especial.', 'saco', 70, 350.00),
	('Cemento Continentales', 1, 8, 'Cemento 42.5 kg.', 'saco', 1000, 360.00),
    ('Adhesivo para Cerámica', 1, 8, 'Adhesivo para cerámica y azulejos.', 'litro', 50, 120.00),
    ('Cinta Aislante', 5, 8, 'Cinta aislante para instalaciones eléctricas.', 'unidad', 50, 90.00);

INSERT INTO Empleados (Nombres, Apellidos, Cedula, Cargo, FechaNacimiento, FechaContratacion, Direccion, Pais, Telefono, Correo, Reportes)
VALUES
('María Fernanda', 'Molina Vargas', '0871604660010P', 'Conserje', '1965-07-22', '2018-01-15', 'Colonia Centroamérica, Casa A-12', 'Nicaragua', '8211-1123', 'maria.molina@empresa.com', NULL),
('Ana Patricia', 'Rivas Morales', '2411011810009X', 'Gerencia Administrativa y Recursos Humanos', '1980-11-24', '2015-06-01', 'Residencial Las Colinas, Módulo 3, Casa 14', 'Nicaragua', '8789-2234', 'ana.rivas@empresa.com', NULL),
('Maria Clementina', 'Munguia Campos', '0871604660000Q', 'Conserje', '1985-05-12', '2021-08-02', 'Residencial Managua, Casa 45', 'Nicaragua', '8211-2233', 'maria.munguia@empresa.com', 2),
('Aura Ross', 'Perez Rodriguez', '2411011810003X', 'Gerencia Administrativa y Recursos Humanos', '1980-03-20', '2021-09-04', 'Las Palmas, Casa 12', 'Nicaragua', '8222-3344', 'aura.perez@empresa.com', null),
('Walter Martin', 'Perez Rodriguez', '2411312860002H', 'Contador', '1990-07-15', '2021-10-05', 'Colonia Universidad, Bloque 2, Casa 3', 'Nicaragua', '8233-4455', 'walter.perez@empresa.com', null),
('Fernando Antonio', 'López Pérez', '0023005760022W', 'Conductor', '1976-07-30', '2018-08-15', 'Barrio Monseñor Lezcano, Calle 8, Casa 19', 'Nicaragua', '8320-8899', 'fernando.lopez@empresa.com', 1),
('Miguel Ángel', 'Aleman Obregón', '5702007930018W', 'Albañil', '1970-02-20', '2019-10-12', 'Reparto Bello Horizonte, Casa 32', 'Nicaragua', '8415-9900', 'miguel.aleman@empresa.com', 1),
('Lester Dolores', 'Castillo Palacios', '2442403930000K', 'Ingeniero Residente Proyectos', '1987-11-11', '2021-11-06', 'Los Robles, Casa 11B', 'Nicaragua', '8244-5566', 'lester.castillo@empresa.com', null),
('José Andres', 'Jimenez Meneses', '2810409770005R', 'Ingeniero Residente Proyectos', '1983-04-22', '2021-12-07', 'Urbanización Don Bosco, Casa 6', 'Nicaragua', '8255-6677', 'jose.jimenez@empresa.com', NULL),
('Juan Manuel', 'López Sanchez', '4011711740003J', 'Ingeniero Residente Proyectos', '1985-09-29', '2021-01-08', 'Colonia Américas 2, Casa 22', 'Nicaragua', '8266-7788', 'juan.lopez@empresa.com', 4),
('Jimmy Jose', 'Arevalo Arias', '0012403770055F', 'Ingeniero Residente Proyectos', '1992-01-05', '2021-02-09', 'Colonia San Luis, Casa 17', 'Nicaragua', '8277-8899', 'jimmy.arevalo@empresa.com', NULL),
('Dorling Antonio', 'Lopez Perez', '0023005760002W', 'Conductor', '1980-02-18', '2021-03-10', 'Villa Progreso, Casa 18A', 'Nicaragua', '8288-9900', 'dorling.lopez@empresa.com', NULL),
('Migdonio D.', 'Aleman Obregon', '5702007930000W', 'Topografo', '1975-03-07', '2021-04-11', 'Barrio Cuba, Casa 15', 'Nicaragua', '8299-1011', 'migdonio.aleman@empresa.com', 4),
('Carlos Alberto', 'Ortiz Pérez', '2411312860015H', 'Albañil', '1982-08-31', '2017-09-20', 'Barrio San Judas, Calle 3, Casa 21', 'Nicaragua', '8123-3455', 'carlos.ortiz@empresa.com', null),
('Luis Enrique', 'Castillo Ramírez', '2442403930099K', 'Albañil', '1978-03-24', '2019-03-11', 'Reparto Schick, Casa 9', 'Nicaragua', '8145-4556', 'luis.castillo@empresa.com', null),
('Andrés Felipe', 'Jiménez Vargas', '2810409770017R', 'Albañil', '1987-10-28', '2020-01-09', 'Residencial El Dorado, Manzana C, Casa 8', 'Nicaragua', '8142-5567', 'andres.jimenez@empresa.com', null),
('Jorge Manuel', 'López García', '4011711740021J', 'Albañil', '1985-11-17', '2016-02-17', 'Villa Fontana, Calle del Club, Casa 23', 'Nicaragua', '8111-7878', 'jorge.lopez@empresa.com', 6),
('Jimmy Alejandro', 'Arevalo Gutiérrez', '0012403770060F', 'Albañil', '1990-12-04', '2021-04-05', 'Urbanización Las Mercedes, Casa 5A', 'Nicaragua', '8333-9488', 'jimmy.arevalo@empresa.com', 9);

INSERT INTO Proyectos (ClienteID, NombreProyecto, Descripcion, Ubicacion, FechaInicio, FechaFin, PresupuestoTotal, Estado)
VALUES 
('ALDSC', 'Construcción Centro Cultural', 'Construcción de un centro cultural para la comunidad.', 'San Carlos', '2023-04-16', '2023-07-15', 7550000.00, 'Completado'),
('ALDM', 'Modernización del Estadio', 'Proyecto de modernización del estadio local.', 'Managua', '2023-02-25', '2023-09-17', 12005623.18, 'Completado'),
('UNIJ', 'Edificio Administrativo UNI', 'Construcción del nuevo edificio administrativo.', 'Juigalpa', '2022-10-25', '2023-09-16', 14630551.18, 'Completado'),
('ALDM', 'Ampliacion', 'Ampliación de infraestructura urbana.', 'Managua', '2023-02-03', '2023-12-20', 5649002.41, 'Completado'),
('ALDM', 'Remodelacion', 'Remodelación de espacios públicos.', 'Managua', '2021-05-31', '2021-08-16', 2258199.78, 'Completado'),
('CF', 'Proyecto Facosa', 'Construcción de viviendas residenciales.', 'Managua', '2018-12-27', '2019-02-27', 3568245.30, 'Completado'),
('CF', 'Muros de retencion', 'Construcción de losas de losas de fundacion.', 'Managua', '2024-10-01', '2024-07-15', 3568245.30, 'Completado'),
('ALDAC', 'Construción de Parque', 'Parque.', 'Managua', '2024-06-03', '2024-11-25', 10275921.11, 'Completado'),
('UNI', 'Mantenimiento Edificio', 'Obras menores y mantenimiento de edificios.', 'Managua', '2024-04-08', '2023-03-05', 1785424.45, 'Activo'),
('UNIJ', 'Construccion de infraestructura', 'Construcción de infraestructura educativa.', 'Juigalpa', '2025-01-04', '2026-04-14', 30000140.18, 'En Espera')

INSERT INTO Avaluos (ProyectoID, Descripcion, MontoEjecutado, FechaInicio, FechaFin)  
VALUES
(9, 'Construcción de losas de losas de fundacion', 1819505.10, '2024-10-01', '2024-10-23'),
(9, 'Instalación Acero y Formaletas para Muros', 606601.70, '2024-10-24', '2024-11-03'),
(9, 'Instalación de concreto en muros retención', 1141838.50, '2024-11-04', '2024-12-02'),
(10, 'Movimiento de tierra para fundaciones', 2509236.55, '2024-06-03', '2024-07-15'),
(10, 'Construcción de canchas', 2987186.37, '2024-07-16', '2024-09-04'),
(10, 'Instalaciones sanitarias, agua potable y electricidad', 2389749.10, '2024-09-05', '2024-10-15'),
(10, 'Instalación de juegos', 2389750.10, '2024-10-16', '2024-11-25');

INSERT INTO Maquinaria (ProveedorID, NombreMaquinaria, Marca, Modelo, FechaInicioRenta, FechaFinalizacionRenta, Estado, PrecioPorHora) 
VALUES 
(6, 'Tractor', 'Caterpillar', 'D-6', '2023-10-01', '2024-02-01', 'Contrato Terminado', 85.00),
(6, 'Motoniveladora', 'Caterpillar', '140-H', '2022-11-15', '2023-11-15', 'Contrato Terminado', 65.00),
(7, 'Cargador Frontal', 'Caterpillar', '903-D', '2024-01-01', '2024-06-01', 'Contrato Terminado', 55.00),
(7, 'Retroexcavadora', 'Caterpillar', '416-E', '2023-09-10', '2024-03-10', 'Contrato Terminado', 45.00),
(8, 'Excavadora', 'Caterpillar', '320', '2023-07-01', '2023-12-01', 'Contrato Terminado', 90.00),
(8, 'Compactadora Doble', 'Bomag', 'CB-16', '2022-08-05', '2023-08-05', 'Contrato Terminado', 50.00),
(7, 'Compactadora Mixta', 'Caterpillar', 'CS10 GC', '2023-01-10', '2024-01-10', 'Contrato Terminado', 50.00),
(7, 'Rodillo Neumático', 'Caterpillar', 'CW16 9', '2024-03-01', '2024-07-01', 'Contrato Terminado', 60.00),
(7, 'Mini Cargador', 'Caterpillar', '226B3', '2024-03-01', '2024-07-01', 'Contrato Terminado', 35.00),
(8, 'Cisterna Agua Potable', 'Izusu/HOWO', 'N/A', '2023-07-01', '2023-12-01', 'Contrato Terminado', 15.00),
(8, 'Camión Volquete', 'Freightliner', 'M2 106 54K', '2023-07-01', '2023-12-01', 'Contrato Terminado', 20.00);

INSERT INTO [Maquinaria Detalles] (ProyectoID, MaquinariaID, HorasUtilizadas, FechaInicioAsignacion, FechaFinAsignacion)
VALUES 
(1, 1, 120, '2023-04-16', '2023-07-15'), 
(1, 2, 80, '2023-04-16', '2023-07-15'),
(2, 3, 150, '2023-02-25', '2023-09-17'), 
(2, 4, 100, '2023-02-25', '2023-09-17'),
(3, 5, 200, '2022-10-25', '2023-09-16'), 
(4, 6, 75, '2023-02-03', '2023-12-20'), 
(5, 7, 60, '2021-05-31', '2021-08-16'), 
(6, 8, 90, '2023-02-08', '2023-03-05'), 
(7, 9, 120, '2018-12-27', '2019-02-27'), 
(8, 10, 110, '2024-10-01', '2024-07-15'), 
(2, 1, 100, '2023-09-20', '2023-10-20'), 
(3, 2, 90, '2023-10-01', '2023-11-01'); 

INSERT INTO Vehiculos (ProveedorID, Marca, Modelo, Año, Placa, TipoDeVehiculo, TipoDeCombustible, Estado, FechaRegistro)
VALUES 
(6, 'Toyota', 'Hillux', 2020, 'M-312216', 'Camioneta doble cabina', 'Diésel', 'No Disponible', '2021-08-02'),
(6, 'Suzuki', 'Alto', 2024, 'M-414802', 'Auto sedan', 'Gasolina', 'Disponible', '2024-04-09'),
(6, 'Toyota', 'Rush', 2023, 'M-399201', 'Camioneta Station wagon', 'Gasolina', 'Disponible', '2022-06-12'),
(6, 'Toyota', 'Hino', 2024, 'M-411599', 'Camión 3.5 tonelada', 'Diésel', 'No Disponible', '2024-05-08'),
(6, 'Kia', 'Bongo', 2013, 'M-249816', 'Camión 1.5 tonelada', 'Diésel', 'En Mantenimiento', '2021-03-06'),
(6, 'Freightliner', 'FL70', 2000, 'M-198702', 'Camión plataforma', 'Diésel', 'No Disponible', '2005-05-14');

INSERT INTO [Empleados Detalles] (EmpleadoID, ProyectoID, FechaDeProyecto) VALUES
(1, 1, '2021-12-07'),  
(1, 2, '2022-01-15'), 
(1, 3, '2022-02-20'), 
(2, 1, '2018-08-15'), 
(2, 2, '2019-09-10'),  
(3, 2, '2021-01-08'),
(3, 3, '2021-04-11'), 
(4, 2, '2021-03-10'),  
(4, 3, '2021-05-05'),  
(5, 3, '2021-04-11'), 
(5, 1, '2020-12-01'),  
(6, 3, '2017-09-20'),
(6, 1, '2018-06-15'); 

INSERT INTO [Avaluo Detalles](ProductoID, AvaluoID, Descripcion, Cantidad, PrecioUnitario)
VALUES 
    (7, 1, 'Arena Natural', 20, 270.00),
    (8, 1, 'Piedrín', 20, 700.00),
    (9, 1, 'Bloque de Concreto 4"', 50, 210.50),
    (10, 1, 'Bloque de Concreto 6"', 50, 240.00),
    (11, 1, 'Adoquín Tipo Tráfico', 30, 150.00),
    (12, 1, 'Medio Adoquín', 10, 71.80),
    (13, 1, 'Tubos de Concreto', 200, 2000.00),
    (14, 1, 'Losas de Concreto', 20, 1471.00),
    (15, 1, 'Cajas de Concreto', 20, 700.00),
    (30, 1, 'Pintura Latex', 20, 25.00),
    (2, 2, 'Arena Gruesa', 20, 400.00),
    (3, 2, 'Arena Fina', 15, 450.00),
    (4, 2, 'Arenilla', 30, 585.99),
    (5, 2, 'Material Cero', 50, 270.00),
    (6, 2, 'Material Selecto', 25, 700.00),
	(7, 3, 'Bloque de Concreto 4"', 40, 210.50),
    (8, 3, 'Bloque de Concreto 6"', 25, 240.00),
    (9, 3, 'Adoquín Tipo Tráfico', 30, 150.00),
    (10, 3, 'Medio Adoquín', 20, 71.80),
    (11, 3, 'Tubos de Concreto', 10, 2000.00),
	(12, 4, 'Acero Corrugado 10mm', 50, 314.80),
    (13, 4, 'Acero Corrugado 12mm', 40, 421.90),
    (14, 4, 'Alambre de Amarre', 10, 400.20),
    (15, 4, 'Perlines Metálicos', 30, 130.00),
    (16, 4, 'Cajas Metálicas', 20, 251.00),
	(20, 5, 'Zinc Corrugado', 50, 400.00),
    (21, 5, 'Base Triturada Clase A (Graduación D)', 30, 270.00),
    (22, 5, 'Lámina Gypsum', 40, 700.00),
    (23, 5, 'Porcelanato', 20, 210.50),
    (24, 5, 'Espejos de Andamios RTI Usados - NOSRTI - 1.48 mts', 10, 240.00),
	(40, 6, 'Alambre Eléctrico 2.5mm', 100, 150.00),
    (41, 6, 'Tubería Eléctrica', 200, 120.00),
    (42, 6, 'Toma Corriente', 50, 70.00),
    (43, 6, 'Apagador', 50, 30.00),
    (44, 6, 'Cemento', 40, 200.00),
	 (95, 7, 'Válvula de Paso', 15, 100.00),
    (96, 7, 'Cable Eléctrico 1.5mm', 200, 50.00),
    (97, 7, 'Tomas de Corriente Dobles', 30, 25.00),
    (98, 7, 'Luz LED de Exterior', 20, 200.00),
    (99, 7, 'Cables de Conexión', 50, 10.00);
	
INSERT INTO [Vehiculo Detalles] (EmpleadoID, VehiculoID, FechaAsignacion, FechaFinAsignacion, Descripcion) VALUES
(1, 1, '2021-08-02', '2021-12-31', 'Asignación de vehículo para labores de conserje.'),
(2, 2, '2024-04-09', NULL, 'Vehículo asignado para la gerencia administrativa.'),
(3, 3, '2022-06-12', '2023-12-31', 'Asignación temporal para proyectos específicos.'),
(4, 4, '2024-05-08', '2024-10-01', 'Asignación de camión para transporte de materiales.'),
(5, 5, '2021-03-06', '2021-09-30', 'Uso del camión para entrega de productos.'),
(1, 6, '2005-05-14', NULL, 'Asignación histórica para transporte.'),
(2, 3, '2022-01-01', '2022-03-01', 'Asignación temporal de un vehículo adicional.'),
(3, 1, '2024-05-10', NULL, 'Vehículo asignado para giras administrativas.'),
(4, 2, '2023-01-01', '2023-05-01', 'Uso del vehículo de la empresa para tareas de mantenimiento.'),
(5, 4, '2024-06-15', '2024-07-15', 'Asignación de vehículo para una obra específica.');